Olympic_CC,Country,Region,Notes
AFG,Afghanistan,Asia,
AHO,Curacao,North America,Netherlands Antilles
ALB,Albania,Europe,
ALG,Algeria,Africa,
AND,Andorra,Europe,
ANG,Angola,Africa,
ANT,Antigua and Barbuda,North America,Antigua and Barbuda
ANZ,Australia,Australia and Oceania,Australasia
ARG,Argentina,South America,
ARM,Armenia,Asia,
ARU,Aruba,North America,
ASA,American Samoa,Australia and Oceania,
AUS,Australia,Australia and Oceania,
AUT,Austria,Europe,
AZE,Azerbaijan,Asia,
BAH,Bahamas,North America,
BAN,Bangladesh,Asia,
BAR,Barbados,North America,
BDI,Burundi,Africa,
BEL,Belgium,Europe,
BEN,Benin,Africa,
BER,Bermuda,North America,
BHU,Bhutan,Asia,
BIH,Bosnia and Herzegovina,Europe,
BIZ,Belize,North America,
BLR,Belarus,Europe,
BOL,Bolivia,South America,
BOT,Botswana,Africa,
BRA,Brazil,South America,
BRN,Bahrain,Asia,
BRU,Brunei,Asia,
BUL,Bulgaria,Europe,
BUR,Burkina Faso,Africa,
CAF,Central African Republic,Africa,
CAM,Cambodia,Asia,
CAN,Canada,North America,
CAY,Cayman Islands,North America,
CGO,Republic of Congo,Africa,
CHA,Chad,Africa,
CHI,Chile,South America,
CHN,China,Asia,
CIV,Ivory Coast,Africa,
CMR,Cameroon,Africa,
COD,Democratic Republic of Congo,Africa,
COK,Cook Islands,Australia and Oceania,
COL,Colombia,South America,
COM,Comoros,Africa,
CPV,Cape Verde,Africa,
CRC,Costa Rica,North America,
CRO,Croatia,Europe,
CUB,Cuba,North America,
CYP,Cyprus,Europe,
CZE,Czech Republic,Europe,
DEN,Denmark,Europe,
DEU,Germany,Europe,
DJI,Djibouti,Africa,
DMA,Dominica,North America,
DOM,Dominican Republic,North America,
ECU,Ecuador,South America,
EGY,Egypt,Africa,
ERI,Eritrea,Africa,
ESA,El Salvador,North America,
ESP,Spain,Europe,
EST,Estonia,Europe,
ETH,Ethiopia,Africa,
FIJ,Fiji,Australia and Oceania,
FIN,Finland,Europe,
FRA,France,Europe,
FSM,Micronesia,Australia and Oceania,
GAB,Gabon,Africa,
GAM,Gambia,Africa,
GBR,UK,Europe,
GBS,Guinea Bissau,Africa,
GEO,Georgia,Asia,
GEQ,Equatorial Guinea,Africa,
GHA,Ghana,Africa,
GRE,Greece,Europe,
GRN,Grenada,North America,
GUA,Guatemala,North America,
GUI,Guinea,Africa,
GUM,Guam,Australia and Oceania,
GUY,Guyana,South America,
HAI,Haiti,North America,
HKG,Hong Kong,Asia,Hong Kong
HON,Honduras,North America,
HUN,Hungary,Europe,
INA,Indonesia,Asia,
IND,India,Asia,
IOA,Individual Olympic Athletes,,Individual Olympic Athletes
IRI,Iran,Asia,
IRL,Ireland,Europe,
IRQ,Iraq,Asia,
ISL,Iceland,Europe,
ISR,Israel,Asia,
ISV,US Virgin Islands,North America,Virgin Islands
ITA,Italy,Europe,
IVB,British Virgin Islands,North America,
JAM,Jamaica,North America,
JOR,Jordan,Asia,
JPN,Japan,Asia,
KAZ,Kazakhstan,Asia,
KEN,Kenya,Africa,
KGZ,Kyrgyzstan,Asia,
KIR,Kiribati,Australia and Oceania,
KOR,South Korea,Asia,
KOS,Kosovo,Europe,
KSA,Saudi Arabia,Asia,
KUW,Kuwait,Asia,
LAO,Laos,Asia,
LAT,Latvia,Europe,
LBA,Libya,Africa,
LBR,Liberia,Africa,
LCA,Saint Lucia,North America,
LES,Lesotho,Africa,
LIB,Lebanon,Asia,
LIE,Liechtenstein,Europe,
LTU,Lithuania,Europe,
LUX,Luxembourg,Europe,
MAD,Madagascar,Africa,
MAL,Malaysia,Asia,
MAR,Morocco,Africa,
MAW,Malawi,Africa,
MDA,Moldova,Europe,
MDV,Maldives,Asia,
MEX,Mexico,North America,
MGL,Mongolia,Asia,
MHL,Marshall Islands,Australia and Oceania,
MKD,Macedonia,Europe,
MLI,Mali,Africa,
MLT,Malta,Europe,
MNE,Montenegro,Europe,
MON,Monaco,Europe,
MOZ,Mozambique,Africa,
MRI,Mauritius,Africa,
MTN,Mauritania,Africa,
MYA,Myanmar,Asia,
NAM,Namibia,Africa,
NCA,Nicaragua,North America,
NED,Netherlands,Europe,
NEP,Nepal,Asia,
NGR,Nigeria,Africa,
NIG,Niger,Africa,
NOR,Norway,Europe,
NRU,Nauru,Australia and Oceania,
NZL,New Zealand,Australia and Oceania,
OMA,Oman,Asia,
PAK,Pakistan,Asia,
PAN,Panama,North America,
PAR,Paraguay,South America,
PER,Peru,South America,
PHI,Philippines,Asia,
PLE,Palestine,Asia,
PLW,Palau,Australia and Oceania,
PNG,Papua New Guinea,Australia and Oceania,
POL,Poland,Europe,
POR,Portugal,Europe,
PRK,North Korea,Asia,
PUR,Puerto Rico,North America,
QAT,Qatar,Asia,
ROT,Refugee Olympic Team,,Refugee Olympic Team
ROU,Romania,Europe,
RSA,South Africa,Africa,
RUS,Russia,Europe,
RWA,Rwanda,Africa,
SAM,Samoa,Australia and Oceania,
SCG,Serbia,Europe,Serbia and Montenegro
SEN,Senegal,Africa,
SEY,Seychelles,Africa,
SIN,Singapore,Asia,
SKN,Saint Kitts,North America,Turks and Caicos Islands
SLE,Sierra Leone,Africa,
SLO,Slovenia,Europe,
SMR,San Marino,Europe,
SOL,Solomon Islands,Australia and Oceania,
SOM,Somalia,Africa,
SRI,Sri Lanka,Asia,
SSD,South Sudan,Africa,
STP,Sao Tome and Principe,Africa,
SUD,Sudan,Africa,
SUI,Switzerland,Europe,
SUR,Suriname,South America,
SVK,Slovakia,Europe,
SWE,Sweden,Europe,
SWZ,Swaziland,Africa,
SYR,Syria,Asia,
TAN,Tanzania,Africa,
TGA,Tonga,Australia and Oceania,
THA,Thailand,Asia,
TJK,Tajikistan,Asia,
TKM,Turkmenistan,Asia,
TLS,Timor Leste,Australia and Oceania,
TOG,Togo,Africa,
TPE,Taiwan,Asia,
TTO,Trinidad and Tobago,North America,Trinidad and Tobago
TUN,Tunisia,Africa,
TUR,Turkey,Asia,
TUV,Tuvalu,Australia and Oceania,Tuvalu
UAE,United Arab Emirates,Asia,
UGA,Uganda,Africa,
UKR,Ukraine,Europe,
UNK,Unknown,,Unknown
URU,Uruguay,South America,
USA,USA,North America,
UZB,Uzbekistan,Asia,
VAN,Vanuatu,Australia and Oceania,
VEN,Venezuela,South America,
VIN,Saint Vincent,North America,
VNM,Vietnam,Asia,
YEM,Yemen,Asia,
ZAM,Zambia,Africa,
ZIM,Zimbabwe,Africa,
NBO,North Borneo,Asia,
